FA #,SITE NAME,Subbed for Review,Approved,City  ,County,Address 1,Address 2,APN (Estimated from FN),,Previous Permit Documents,SLA/MLA/LDS,Title/Survey,,Landowner/LL,LL Address,LL Contact,LL Phone,Tower Owner (If Different),Tower Owner Contact Info (If Different),,Zoning JDX,Zoning JDX Contact,Title,Phone Number,Permit Process
11585724,CLU6116,4/14/21,4/16/21,CANOGA PARK,LOS ANGELES,21500 NORDHOFF STREET,"CANOGA PARK, CA 91304",2779-018-020,,Yes - LABDS permit,"Yes, SLA & LDS","Yes, but didnt upload to OV yet",,Butler Enterprises,"3807 Weatherly Cir, Westlake Village, CA 91361",Frank Butler,(818) 889-0330,AT&T ,,,City of LA,Antonio Isaia,Planner,(213) 376-9859,
10085795,C224/GLENDALE II OVLY - C224,4/19/21,4/19/21,GLENDALE,LOS ANGELES,827 AIR WAY,"GLENDALE, CA 91201",5627-025-905,,Yes - City of Glendale permit,"Yes, SLA & LDS",No,,City of Glendale,"141 N GLENDALE AVE , GLENDALE, CA 91206-4975",,,,,,City of Glendale,Joseline Castaneda,Planner,(818) 548-3200,
10115646,NL0349-01 SOCIAL SEC. and BOARD OF BARBERING,4/19/21,4/21/21,GLENDALE,LOS ANGELES,710 SOUTH CENTRAL AVENUE,"GLENDALE, CA 91204",,,Yes - City of Glendale permit,,,,"South Central Partnership, LLC","441 North Central Avenue, #600, Glendale, CA, 91203",VAHE HOVSEPIAN,(818)247-2340,AT&T ,,,City of Glendale,Joseline Castaneda,Planner,(818) 548-3200,
10101694,I-5 FWY/ I-405 FWY INTERCHANGE,4/20/21,4/21/21,GRANADA HILLS,LOS ANGELES,12000 NORTH BLUCHER AVENUE,"GRANADA HILLS, CA 91344",2605-001-003,,,,Yes - Title,,JAVIER PEREZ,,,,,,,City of LA,Antonio Isaia,Planner,(213) 376-9859,
10086691,101 FWY/ LOST HILLS RD,4/22/21,4/23/21,CALABASAS,LOS ANGELES,27001 AGOURA ROAD,"Calabasas, CA 91301",2064-004-066,,,,,,LOST HILLS OFFICE PARTNERS,"26901 AGOURA RD STE 180 , AGOURA HILLS, CA 91301-5120",Lesilie Halili ,leslieh@midvalley.com / 818-676-3307,,,,City of Calabasas,,,,
10100552,LA0421-02 MULHOLLAND and PARKSOUTH,4/22/21,4/26/21,CALABASAS,LOS ANGELES,23709 MULHOLLAND HIGHWAY,"CALABASAS, CA 91302",,,Yes - City of Calabasas,,,,,,,,,,,City of Calabasas,,,,
10087193,ROSCOE and SHOUP,4/22/21,4/22/21,CANOGA PARK,LOS ANGELES,22110 ROSCOE BOULEVARD,"CANOGA PARK, CA 91304",,,,,,,,,,,,,,City of LA,Antonio Isaia,Planner,(213) 376-9859,
10103968,NL0170-01 O'NEAL AZONIC,4/22/21,4/27/21,CHATSWORTH,LOS ANGELES,9600 TOPANGA CANYON,"CHATSWORTH, CA 91311",,,,,,,,,,,,,,City of LA,Antonio Isaia,Planner,(213) 376-9859,
10086762,LAC507-01 FWY/134 FWY OVLY - C507,4/22/21,4/23/21,GLENDALE,LOS ANGELES,300 3/4 HARVEY DRIVE,"Glendale, CA 91206",,,Yes- City of LA Zoning Permit,,,,,,,,,,,TBD (Not City of LA),,,,
10068746,NL0062 (ORANGE LA640) DOCTORS MEDICAL PLAZA,4/22/21,4/22/21,GRANADA HILLS,LOS ANGELES,10515 BALBOA BOULEVARD,"GRANADA HILLS, CA 91344",,,,,,,,,,,,,,City of LA,Antonio Isaia,Planner,(213) 376-9859,
10086922,VENTURA HOSPITAL,4/23/21,4/26/21,VENTURA,LOS ANGELES,147 NORTH BRENT,"Ventura, CA 93003",077-0-011-250,,,,,,COMMUNITY MEM HEALTH SYS,,,,,,,Ventura County?,,,,
10086005,WHITE OAK AND 101 FWY,4/23/21,4/23/21,ENCINO,LOS ANGELES,17600 BURBANK BOULEVARD,"ENCINO, CA 91316",,,,,,,,,,,,,,City of LA,Antonio Isaia,Planner,(213) 376-9859,
10087225,N FIGUEROA & MERIDIAN,4/23/21,4/23/21,HIGHLAND PARK,LOS ANGELES,5753 HUNTINGTON DRIVE,"Highland park, CA 90032",,,,,,,,,,,,,,City of LA,Antonio Isaia,Planner,(213) 376-9859,
10101401,LA0307-02 FALLBROOK2,4/23/21,4/27/21,WEST HILLS,LOS ANGELES,8501 NORTH FALLBROOK AVENUE,"WEST HILLS, CA 91304",,,,,,,,,,,,,,City of LA,Antonio Isaia,Planner,(213) 376-9859,
10127629,SV0162-01 ALTADENA GOLF COURSE,4/27/21,4/28/21,ALTADENA,LOS ANGELES,1456 EAST MENDOCINO STREET,"ALTADENA, CA 91001",5847-023-900,,,,,,L A COUNTY,"	500 W TEMPLE ST STE 754 , LOS ANGELES, CA 90012-2700",,,,,,LA County,Anthony Curzi,Zoning Plan Check,acurzi@planning.lacounty.gov,
10086075,BUENA VISTA,5/3/21,5/3/21,BURBANK,LOS ANGELES,2501 BURBANK BOULEVARD,"BURBANK, CA 91505",2438-009-031,,,,,,BURBANK OFFICE BUILDING LLC,"530 N KENWOOD ST APT 1 , GLENDALE, CA 91206-3263",,,,,,City of Burbank,,,,
10150402,NL0473-01 SCHROEDER RACING,5/3/21,5/3/21,BURBANK,LOS ANGELES,2080 FLOYD STREET,"BURBANK, CA 91504",2464-016-039,,,,,,SCHROEDER GARY AND KAREN L TRS; GARY AND KAREN SCHROEDER TRUST,"158 W VERDUGO AVE , BURBANK, CA 91502-2132",,,,,,City of Burbank,,,,
10086064,TOLUCA LAKE,5/3/21,5/4/21,BURBANK,LOS ANGELES,3601 WEST ALAMEDA,"BURBANK, CA 91505",,,,,,,,,,,,,,City of Burbank,,,,
10086707,GILMORE,5/4/21,5/4/21,WOODLAND HILLS,RIVERSIDE,6355 TOPANGA CANYON BOULEVARD,"WOODLAND HILLS, CA 91367",2146-001-018,,,,,,TOPANGA AND VICTORY PARTNERS L P,"6355 TOPANGA CANYON BLVD STE 335 , WOODLAND HILLS, CA 91367-2234",,,,,,Riverside County,Dianna Ross,Regional Office Manager,951-955-6574,
10086004,SHERMAN WAY TOPANGA,5/4/21,5/4/21,CANOGA PARK,LOS ANGELES,22030 SHERMAN WAY,"CANOGA PARK, CA 91303",2024-001-023,,,,,,VEDRES FRANK A TR; VEDRES FAMILY INVESTMENT LP,"4611 ROMA CT , MARINA DEL REY, CA 90292-7705",Thomas and Rochelle Vedres,,,,,City of LA,Antonio Isaia,Planner,(213) 376-9859,
10086063,ENCINO,5/4/21,5/4/21,ENCINO,LOS ANGELES,16861 VENTURA BOULEVARD,"ENCINO, CA 91436",,,,,,,,,,,,,,City of LA,Antonio Isaia,Planner,(213) 376-9859,
10086652,S. GLENDORA AND E. VINE,5/4/21,5/4/21,WEST COVINA,LOS ANGELES,551 EAST VINE STREET,"WEST COVINA, CA 91790",,,,,,,,,,,,,,LA County,,,,
10086070,C243/WEST TARZANA OVLY - C243,5/4/21,5/4/21,WOODLAND HILLS,LOS ANGELES,20631 VENTURA BOULEVARD,"WOODLAND HILLS, CA 91364",,,,,,,,,,,,,,LA County,,,,
10068750,NL-068-01(LA-670) STEVENSON BLDG,5/13/21,5/14/21,GLENDALE,LOS ANGELES,1031 NORTH BRAND BOULEVARD,"GLENDALE, CA 91202",5644-012-024,,,,,,1031 N BRAND BOULEVARD GLENDALE LLC,"1025 N BRAND BLVD , GLENDALE, CA 91202-2950",,,,,,City of Glendale,Bradley Calvert,Assistant Director of Community Development,818-548-2115,
10087306,I-5 and 134 FWY,5/13/21,5/13/21,GLENDALE,LOS ANGELES,701 SONORA AVENUE,"GLENDALE, CA 91201",5627-007-017,,,,,,"VACHAGHAN AND NORA ASLANIAN FAMILY T, ; ASLANIAN, VACHGHAN","701 SONORA AVE , GLENDALE, CA 91201-2431",,,,,,City of Glendale,Bradley Calvert,Assistant Director of Community Development,818-548-2115,
10127712,230 NORTH MARYLAND AVENUE,5/13/21,5/13/21,GLENDALE,LOS ANGELES,230 NORTH MARYLAND AVENUE,"GLENDALE, CA 91206",,,,,,,,,,,,,,City of Glendale,Bradley Calvert,Assistant Director of Community Development,818-548-2115,
10087223,N CENTRAL and SALEM,5/13/21,5/14/21,GLENDALE,LOS ANGELES,229 CENTRAL AVENUE,"GLENDALE, CA 91202",,,,,,,,,,,,,,City of Glendale,Bradley Calvert,Assistant Director of Community Development,818-548-2115,
10068713,NL0117 (ORANGE VY090) PALLARES PROPERTY,5/13/21,5/14/21,GLENDALE,LOS ANGELES,1416 WEST KENNETH ROAD,"GLENDALE, CA 91201",,,,,,,,,,,,,,City of Glendale,Bradley Calvert,Assistant Director of Community Development,818-548-2115,
10085764,HWY 60/PHILLIPS RANCH 1,5/18/21,5/19/21,DIAMOND BAR,LOS ANGELES,24142 SYLVAN GLEN ROAD,"DIAMOND BAR, CA 91765",8704-048-017,,,,,,CAO KEITH,"223 N NICHOLSON AVE APT B , MONTEREY PARK, CA 91755-1845",,,,,,City of Diamond Bar,,,,
10101632,DIAMOND BAR,5/18/21,5/19/21,DIAMOND BAR,LOS ANGELES,1155 DIAMOND BAR BOULEVARD,"DIAMOND BAR, CA 91765",8717-031-010,,,,,,DIAMOND BAR TOWN CENTER LLC,"1155 S DIAMOND BAR BLVD , DIAMOND BAR, CA 91765-2240",,,,,,City of Diamond Bar,,,,
10085899,CULVER CITY WEST,5/18/21,5/18/21,CULVER CITY,LOS ANGELES,5995 SOUTH SEPULVEDA,"CULVER CITY, CA 90230",,,,,,,,,,,,,,Culver City,,,,
10068048,EL0096-01(SM-469) FECHO BLDG,5/18/21,5/18/21,CULVER CITY,LOS ANGELES,12655 WASHINGTON PLACE,"CULVER CITY, CA 90230",,,,,,,,,,,,,,Culver City,,,,
10085756,POMONA FWY/ORAN OVLY - C543,5/20/21,5/20/21,DIAMOND BAR,LOS ANGELES,21725 EAST GATEWAY DRIVE,"DIAMOND BAR, CA 91765",,,,,,,,,,,,,,LA County,,,,
10104108,LA0615-03 GLADSTONE PARK,5/20/21,5/20/21,GLENDORA,LOS ANGELES,610 EAST GLADSTONE STREET,"GLENDORA, CA 91740",,,,,,,,,,,,,,LA County,,,,
10106071,LA0679-06 GLENDORA LITTLE LEAGUE,5/20/21,5/20/21,GLENDORA,LOS ANGELES,1025 EAST SIERRA MADRE AVENUE,"GLENDORA, CA 91741",,,,,,,,,,,,,,LA County,,,,
10086735,IMPERIAL AND AVIATION,5/21/21,5/25/21,EL SEGUNDO,LOS ANGELES,2310 IMPERIAL HIGHWAY,"EL SEGUNDO, CA 90245",,,,,,,,,,,,,,City of El Segundo,,,,
12992945,NL0515-01 EL SEGUNDO BOULEVARD/LOMITA ST,5/21/21,5/25/21,EL SEGUNDO,LOS ANGELES,400 LOMITA STREET DUP,"EL SEGUNDO, CA 90245",,,,,,,,,,,,,,City of El Segundo,,,,
10151248,LA0127,5/25/21,5/25/21,HAWTHORNE,LOS ANGELES,5250 WEST EL SEGUNDO BOULEVARD,"HAWTHORNE, CA 90250",4145-001-010,,,,,,401 SOUTH HOOVER PROPERTY INC; NEW HAMPSHIRE APARTMENT INC,,,,,,,City of Hawthorne,,,,
10087249,W. ARROW HWY. AND BARRANCA AVE,5/25/21,5/25/21,GLENDORA,LOS ANGELES,444 C WEST CARTER DRIVE,"GLENDORA, CA 91740",8643-004-059,,,,,,CARTER DRIVE PROPERTIES LLC,,,,,,,City of Glendora,,,,
10068074,SV0046-91 (VY129) 280 MACHLIN CT. MONOPOLE,5/25/21,5/25/21,CITY OF INDUSTRY,LOS ANGELES,280 1/2 MACHLIN COURT,"CITY OF INDUSTRY, CA 91789",8719-004-012,,,,,,F AND C REAL ESTATE LLC,"280 MACHLIN CT , WALNUT, CA 91789-3026",,,,,,City of Industry,,,,
10087304,N SUNFLOWER and E ARROW,5/25/21,5/25/21,COVINA,LOS ANGELES,21008 EAST ARROW HIGHWAY,"COVINA, CA 91724",8401-019-036,,,,,,HERNANDEZ DAVID AND GLORIA TRS; HERNANDEZ FAMILY TRUST,"13744 BEACONSFIELD LN , EASTVALE, CA 92880-8816",HERNANDEZ DAVID AND GLORIA TRS; HERNANDEZ FAMILY TRUST,,,,,LA County,,,,
10085943,MANHATTAN BEACH,5/25/21,5/25/21,INGLEWOOD,LOS ANGELES,11222 LA CIENEGA,"INGLEWOOD, CA 90304",4039-004-018,,,,,,LA CIENEGA PARTNERS LLC,,,,,,,LA County,,,,
10112623,SV0088-05 HARLEY DAVISON,5/25/21,5/25/21,BALDWIN PARK,LOS ANGELES,1919 PUENTE AVENUE,"BALDWIN PARK, CA 91706",8558-033-005,,,,,,LAIDLAW B P REALTY ASSOCIATES,,Walter Robert LaidLaw and Brent Spencer laidlaw,,,,,City of Baldwin Park,,,,
10094614,LA0234-07 WONG'S CUPOLA,5/25/21,5/25/21,AZUSA,LOS ANGELES,900 EAST ALOSTA AVENUE,"AZUSA, CA 91702",8628-004-166,,,,,,"UNIVERSITY PROMENADE GRF3 LLC,",,,,,,,City of Commerce,,,,
10104117,LA0103-09 WATSON SUBSTATION,6/4/21,6/9/21,CARSON,LOS ANGELES,24000 BROAD STREET,"CARSON, CA 90745",7404-014-066,,,,,,Alba Aplican,"24007 Broad St, Carson, CA, 90745",Alba Aplicano ,,,,,City of Carson,,,,
10150446,LA0556-1 CARSON STRIP CENTER,6/4/21,6/9/21,CARSON,LOS ANGELES,22829 FIGUEROA STREET,"CARSON, CA 90745",7363-001-044,,,,,,ANCHOR INVESTMENTS,"660 W 6TH ST , SAN PEDRO, CA 90731-2524",,,,,,City of Carson,,,,
10100075,RS0035-04 LA SIERRA CHURCH,6/4/21,6/4/21,RIVERSIDE,RIVERSIDE,11585 PIERCE STREET,"RIVERSIDE, CA 92505",141-320-002,,,,,,SE CALIF ASSN OF 7TH DAY ADVENTISTS,"11585 PIERCE ST, RIVERSIDE, CA 92505-3350",,,,,,City of Riverside,Lisa Rieger,Development Services Representative,951-826-5800,
10068098,EL0049-11 SCE/WESTERN TORRANCE,6/4/21,6/9/21,Gardena,LOS ANGELES,17605 WESTERN AVENUE,"TORRANCE, CA 90504",,,,,,,,,,,,,,City of Torrance,,,,
10546967,CLU2624,6/4/21,6/9/21,HAWTHORNE,LOS ANGELES,3456 WEST EL SEGUNDO BOULEVARD,"HAWTHORNE, CA 90250",,,,,,,,,,,,,,City of Hawthorne,,,,
10101531,Arringdales Auto,6/15/21,6/16/21,HESPERIA,LOS ANGELES,11981 I AVENUE,"HESPERIA, CA 92345",0399-131-21-0000,,,,,,ARRINGDALE JANICE R & RICKY D LIVIN,,,,,,,City of Hesperia,,,,
10150464,RS0325-01 BEAUMONT,6/15/21,6/16/21,BEAUMONT,RIVERSIDE,655 EAST FIFTH STREET,"BEAUMONT, CA 92223",418-140-030,,,,,,BEAUMONT AUTO CENTER,,,,,,,City of Beaumont,,,,
10106089,FIRST CONGREGATIONAL CHURCH,6/15/21,6/15/21,CORONA,RIVERSIDE,805 RAMONA AVENUE,"CORONA, CA 92882",117-232-007,,,,,,CONGREGATIONAL CHURCH; IGLESIA DE DIOS,,,,,,,City of Corona,,,,
10141272,LA6052-51 DUFFERIN RELOCATION,6/15/21,6/15/21,RIVERSIDE,RIVERSIDE,10591 DUFFERIN AVENUE,"RIVERSIDE, CA 92503",,,,,,,"could not confirm on Ticor, wait for CDs",,,,,,,City of Riverside,Lisa Rieger,Development Services Representative,951-826-5800,
10086532,CLINTON KEITH AND GRAND,6/15/21,6/15/21,WILDOMAR,RIVERSIDE,22808 GRAND AVENUE,"WILDOMAR, CA 92595",,,,,,,could not find on Ticor,,,,,,,City of WIldomar,,,,
10068764,RS0042-06 EVERGREEN MASONIC CENTER COLO,6/15/21,6/15/21,RIVERSIDE,RIVERSIDE,5801 CHICAGO AVENUE,"RIVERSIDE, CA 92506",254-290-006       ,,,,,,EVERGREEN MASONIC TEMPLE ASSN        ,"PO BOX 56564 , RIVERSIDE, CA 92517-1464",,,,,,City of Riverside,Lisa Rieger,Development Services Representative,951-826-5800,
10150418,RS0326-01 PIGEON PASS,6/15/21,6/16/21,MORENO VALLEY,RIVERSIDE,11875 PIGEON PASS ROAD,"MORENO VALLEY, CA 92557",264-030-027,,,,,,"GSJ PACIFIC LLC, ; MCDOWELL, JOANNE MALDONADO",,,,,,,City of Moreno Valley,,,,
10085993,C229/VENICE II OVLY - C229,6/15/21,6/15/21,VENICE,LOS ANGELES,122 LINCOLN BOULEVARD,"VENICE, CA 90291",4243-012-028,,,,,,LINCOLN COMMONWEALTH LLC,,,,,,,City of LA,Antonio Isaia,Planner,(213) 376-9859,
10150416,RS0323-02 WIEST INDUSTRIAL PARK,6/15/21,6/15/21,RIVERSIDE,RIVERSIDE,3890 PIERCE STREET,"RIVERSIDE, CA 92503",142-180-042       ,,,,,,WIEST INDUSTRIAL PARK       ,"3890 PIERCE ST , RIVERSIDE, CA 92503-4927",,,,,,City of Riverside,Lisa Rieger,Development Services Representative,951-826-5800,
10112463,RS0172-01 SALON,6/15/21,6/15/21,CHERRY VALLEY,RIVERSIDE,38811 CHERRY VALLEY BOULEVARD,"CHERRY VALLEY, CA 92223",,,need to get amend for generator space,2421 elibible from riverside,,,,,,,,,,Riverside County,Dianna Ross,Regional Office Manager,951-955-6574,
10086603,91 FWY LINCOLN,6/15/21,6/15/21,CORONA,RIVERSIDE,210 SOUTH LINCOLN AVENUE,"CORONA, CA 92882",,,,,,,,,,,,,,City of Corona,,,,
10148706,RS0311-01-SOUTH HILLS CHURCH,6/15/21,6/15/21,CORONA,RIVERSIDE,2587 SOUTH MAIN STREET,"CORONA, CA 92882",,,,,,,,,,,,,,City of Corona,,,,
10086566,GLEN IVY EXIT,6/15/21,6/15/21,CORONA,RIVERSIDE,23900 TEMESCAL CANYON ROAD,"CORONA, CA 92883",,,,,,,,,,,,,,City of Corona,,,,
10094501,JURUPA VALLEY SPORTS PARK,6/15/21,6/16/21,MIRA LOMA,RIVERSIDE,10400-10500 BELLEGRAVE AVENUE,"MIRA LOMA, CA 91752",,,,,,,,,,,,,,City of Jurupa Valley,,,,
10087464,RS0030-01 4 NEW,6/15/21,6/16/21,MORENO VALLEY,RIVERSIDE,26930 FIR AVENUE,"MORENO VALLEY, CA 92555",,,,,,,,,,,,,,City of Moreno Valley,,,,
10103647,LA0621-01 VENICE BEACH HOSTEL,6/15/21,6/15/21,VENICE,LOS ANGELES,1515 PACIFIC BOULEVARD,"VENICE, CA 90291",,,,,,,,,,,,,,City of LA,Antonio Isaia,Planner,(213) 376-9859,
10106720,RS0152-03 BLOCKBUSTER,6/16/21,6/17/21,TEMECULA,RIVERSIDE,29740 RANCHO CALIFORNIA ROAD,"TEMECULA, CA 92591",921-760-009       ,,,,,,BC III PROP       ,"29645 RANCHO CALIFORNIA RD , TEMECULA, CA 92591-6200",,,,,,City of Temecula,Dianna Ross,Regional Office Manager,951-955-6574,
10086467,CORONA AVE AND 1ST,6/29/21,6/29/21,NORCO,RIVERSIDE,2035 RIVER ROAD,"NORCO, CA 92860",,,,,,,,,,,,,,City of Norco,,,,
10100123,EL0008-02 BOYS and GIRLS CLUB VENICE,6/29/21,6/29/21,VENICE,LOS ANGELES,2300 LINCOLN BOULEVARD,"VENICE, CA 90291",4289-001-006,,,,,,"AIMONETTI, MATT; AIMONETTI, HEIDI VEGA",,,,,,,City of LA,Antonio Isaia,Planner,(213) 376-9859,
10085835,LAC138-01 GLENDALE EAST,6/29/21,6/29/21,GLENDALE,LOS ANGELES,425 EAST COLORADO STREET,"GLENDALE, CA 91205",5642-010-046,,,,,,BSREP SOCAL GLENDALE LLC,"3 WORLD FINANCIAL CTR # 11THFL , NEW YORK, NY 10281-1013",,,,,,TBD (Not City of LA),,,,
10086572,MAGNOLIA AND LINCOLN,6/29/21,6/29/21,CORONA,RIVERSIDE,2870 RAGLE WAY,"CORONA, CA 92879",172-390-028,,,,,,DOCK PROS INC,,,,,,,City of Corona,,,,
10136071,RS0176-02 EAGLE GLEN PARK,6/29/21,6/29/21,CORONA,RIVERSIDE,4190 BENNETT AVENUE,"CORONA, CA 92883",,,,,,,,,,,,,,City of Corona,,,,
10150417,RS0324-02 EWING IRRIGATION,6/29/21,6/29/21,CORONA,RIVERSIDE,13465 ESTELLE STREET,"CORONA, CA 92879",,,,,,,,,,,,,,City of Corona,,,,
10085979,SANTA MONICA/MELROSE,6/29/21,6/29/21,WEST HOLLYWOOD,LOS ANGELES,9029 SANTA MONICA BOULEVARD,"WEST HOLLYWOOD, CA 90069",,,,,,,,,,,,,,City of West Hollywood,,,,
10068229,SV0057-01 ALHAMBRA BAPTIST CHURCH,6/29/21,6/29/21,ALHAMBRA,LOS ANGELES,101 SOUTH ATLANTIC BOULEVARD,"ALHAMBRA, CA 91801",5343-023-009,,,,,,FIRST BAPTIST CHURCH,"101 S ATLANTIC BLVD , ALHAMBRA, CA 91801-3256",,,,,,City of LA,Antonio Isaia,Planner,(213) 376-9859,
10086723,CSUN,7/2/21,7/2/21,City of LA,LOS ANGELES,18111 NORDHOFF STREET,"Northridge, CA 91330",,,,,,,,,,,,,,,,,,
11585748,SV0302_CLU6384,7/2/21,7/2/21,City of Pasadena ,LOS ANGELES,180 SOUTH LAKE AVENUE,"Pasadena, CA 91101",,,,,,,,,,,,,,,,,,
10085714,NATIONAL MOTOR,7/2/21,7/2/21,Los Angeles,LOS ANGELES,10321 NATIONAL BOULEVARD,"Los Angeles, CA 90034",,,,,,,,,,,,,,,,,,
10085876,C351/TORRANCE/EAST OVLY - C351,7/2/21,7/2/21,Torrance,LOS ANGELES,20346 HAWTHORNE BOULEVARD,"Torrance, CA 90503",,,,,,,,,,,,,,,,,,
10086126,HOLLYWOOD/WEST,7/2/21,7/2/21,Los Angeles,LOS ANGELES,7401 WEST SUNSET BOULEVARD,"Los Angeles, CA 90046",,,,,,,,,,,,,,,,,,
10086659,LA0089-01 RUBY and MILDRED,7/2/21,7/2/21,Torrance,LOS ANGELES,5334 TORRANCE BOULEVARD,"Torrance, CA 90503",,,,,,,,,,,,,,,,,,
10086670,S MARIPOSA - W 3RD,7/2/21,7/2/21,Los Angeles,LOS ANGELES,260 SOUTH MARIPOSA,"Los Angeles, CA 90004",,,,,,,,,,,,,,,,,,
10086599,10 FWY WASHINGTON,7/9/21,7/12/21,INDIO,LOS ANGELES,79370 Varner Rd,"Indio, CA 92202",,,,,,,CITY OF INDIO,,,,,,,City of Indio,,,,
10086993,5 FWY / LA PAZ,7/9/21,7/12/21,LAGUNA HILLS,ORANGE,25205 LAPAZ ROAD,"LAGUNA HILLS, CA 92653",620-181-02,,,,,,LEES LAGUNA HILL RESORT LLC,,,,,,,Orange County,Cynthia Burgos,Contract Planner,(714) 667-8898,
10087096,ALICIA/MARGUARITE,7/9/21,7/12/21,MISSION VIEJO,RIVERSIDE,23120 ALICIA PARKWAY,"MISSION VIEJO, CA 92692",808-771-02,,,,,,23120 ALICIA PARKWAY OWNER LLC,,,,,,,City of Mission Viejo,,,,
10086635,C318/RIVERSIDE OVLY - C318,7/9/21,7/12/21,RIVERSIDE,RIVERSIDE,3610 CENTRAL AVENUE,"RIVERSIDE, CA 92506",225-242-052,,,,,,B H CENTRAL; UNIVERSITY OF REDLANDS,,,,,,,City of Riverside,Lisa Rieger,Development Services Representative,951-826-5800,
10087056,C638 Alicia Parkway/5 Fwy,7/9/21,7/12/21,LAGUNA HILLS,Orange,24422 Avenida De La Carlota,"Laguna Hills, CA 92653",620-492-01,,,,,,DEPARTMENT OF TRANSPORTATION,,,,,,,Orange County,Cynthia Burgos,Contract Planner,(714) 667-8898,
10103534,CORONA WATER TANK,7/9/21,7/12/21,CORONA,RIVERSIDE,881 1/2 CORSICA DRIVE,"CORONA, CA 92879",,,,,,,City of Corona,,,,,,,Riverside County,Dianna Ross,Regional Office Manager,951-955-6574,
10086995,IRVINE CTR DR/ SCIENTIFIC,7/9/21,7/12/21,IRVINE,ORANGE,33 BUNSEN,"IRVINE, CA 92618",588-191-19,,,,,,4Y RESOURCES LLC,,,,,,,City of Irvine,,,,
10085692,LAC120-01 SANTA MONICA/LA OVLY - C120,7/9/21,7/12/21,HOLLYWOOD,LOS ANGELES,1115 NORTH ORANGE DRIVE,"LOS ANGELES, CA 90038",,,,,,,,,,,,,,City of LA,Antonio Isaia,Planner,(213) 376-9859,
10087041,LAGUNA NIGUEL,7/9/21,7/12/21,LAGUNA NIGUEL,ORANGE,29828 GOLDEN LANTERN,"LAGUNA NIGUEL, CA 92677",637-461-28,,,,,,MOULTON-NIGUEL WATER DISTRICT,,,,,,,Orange County,Cynthia Burgos,Contract Planner,(714) 667-8898,
10086956,LAKE FOREST AND JERONIMO,7/9/21,7/12/21,LAKE FOREST,ORANGE,24752 TOLEDO WAY,"LAKE FOREST, CA 92630",614-190-01,,,,,,LAKE FOREST NO 2 MASTER HOMEOWNERS ASSN,,,,,,,Orange County,Cynthia Burgos,Contract Planner,(714) 667-8898,
10086580,PGA WEST,7/9/21,7/12/21,LA QUINTA,RIVERSIDE,81610 AVENUE 58,"LA QUINTA, CA 92253",,,,,,,,,,,,,,City of La Quinta,,,,
10087067,R086/ Foothill Corridor 1,7/9/21,7/12/21,LAKE FOREST,RIVERSIDE,26001 Dimension Dr,"Lake Forest, CA 92630",,,,,,,,,,,,,,City of Lake Forest,,,,
10086531,RECYCLING CENTER THERMAL,7/9/21,7/12/21,THERMAL,RIVERSIDE,65949 HIGHWAY 86,"THERMAL, CA 92274",,,,,,,"could not confirm on Ticor, wait for CDs",,,,,,,Riverside County,Dianna Ross,Regional Office Manager,951-955-6574,
10087461,RS0021-01 (ORANGE CM261) 2 NEW,7/9/21,7/12/21,TEMECULA,RIVERSIDE,41280 PLACER LAFITE,"TEMECULA, CA 92591",953-390-002       ,,,,,,RANCHO CALIF WATER DIST       ,"PO BOX 9017 , TEMECULA, CA 92589-9017",,,,,,Riverside County,Dianna Ross,Regional Office Manager,951-955-6574,
10100080,RS0022-01 MENIFEE VALLEY,7/9/21,7/12/21,MENIFEE,RIVERSIDE,28818 LINDENBERGER ROAD,"MENIFEE, CA 92584",,,,,,,,,,,,,,Riverside County,Dianna Ross,Regional Office Manager,951-955-6574,
10087064,SAN CLEMENTE,7/9/21,7/12/21,SAN CLEMENTE,RIVERSIDE,2401 1/2 AVENUE DEL PRESIDENTE,"SAN CLEMENTE, CA 92672",,,,,,,"could not confirm on Ticor, wait for CDs",,,,,,,City of San Clemente,,,,
10087133,SANTA MARGARITA OVLY - C235,7/9/21,7/12/21,RANCHO SANTA MARGARITA,RIVERSIDE,22644 CAMINO ALTOZANO,"RANCHO SANTA MARGARITA, CA 92688",,,,,,,"could not confirm on Ticor, wait for CDs",,,,,,,City of Rancho Santa Margarita,,,,
10101525,Temecula Promenade,7/9/21,7/12/21,TEMECULA,RIVERSIDE,40940 County Center Drive,"Temecula, CA 92591",910-110-088        ,,,,,,COUNTY CENTER DRIVE INV        ,"2011 W VISTA WAY , VISTA, CA 92083-6013",,,,,,City of Temecula,,,,
10100113,SCE MEDRONA,7/19/21,,Torrance,LOS ANGELES,21770 MADRONA AVENUE,"Torrance, CA 90503",,,,,,,,,,,,,,,,,,
10100114,SCE PRAIRE,7/19/21,,Torrance,LOS ANGELES,17750 PRAIRIE AVENUE,"Torrance, CA 90504",,,,,,,,,,,,,,,,,,
10115924,SO. REDONDO BCH,7/20/21,,Redondo Beach,LOS ANGELES,1650 SOUTH PACFIC COAST HIGHWAY,"Redondo Beach, CA 90277",,,,,,,,,,,,,,,,,,
10085968,JONATHAN CL/PCH OVLY - C694,7/20/21,,Santa Monica,LOS ANGELES,850 PALISADES BEACH ROAD,"Santa Monica, CA 90403",,,,,,,,,,,,,,,,,,
10068124,IM-019-01(LA535) PG and E PELATO PEAK,New Site 7/1/21,,,,,,,,,,,,,,,,,,,,,,,
10086809,FRITO LAY,New Site 7/1/21,,,,,,,,,,,,,,,,,,,,,,,
10086824,BKCL82/POSO CREEK,"New Site 7/1/21, form done",,,,,,,,,,,,,,,,,,,,,,,
10086827,ROSAMOND OVERLAY,New Site 7/1/21,,,,,,,,,,,,,,,,,,,,,,,
10086829,Ming and Gosford,New Site 7/1/21,,,,,,,,,,,,,,,,,,,,,,,
10086895,SBOV37-01 CENTRAL OXNARD,New Site 7/1/21,,,,,,,,,,,,,,,,,,,,,,,
10086913,GONZALES/HWY1,New Site 7/1/21,,,,,,,,,,,,,,,,,,,,,,,
10086925,Route 23,New Site 7/1/21,,,,,,,,,,,,,,,,,,,,,,,
10100025,VN0019-01 MACY'S,New Site 7/1/21,,,,,,,,,,,,,,,,,,,,,,,
10103653,First Methodist Church,New Site 7/1/21,,,,,,,,,,,,,,,,,,,,,,,
10103680,BK0349-01 MEMORIAL HOSPITAL,"New Site 7/1/21, form done",,,,,,,,,,,,,,,,,,,,,,,
10101441,SCE TOWER #01604071E/TIERRA REJADA,New Site 7/1/21,,,,,,,,,,,,,,,,,,,,,,,
10104110,SBV136-04 GARDEN HILTON,New Site 7/1/21,,,,,,,,,,,,,,,,,,,,,,,
10127627,VN0056-01 NORTH HIGHLAND PARK,New Site 7/1/21,,,,,,,,,,,,,,,,,,,,,,,
10127628,VN0053-01 CHRIST'S CHURCH OF THE VALLEY,New Site 7/1/21,,,,,,,,,,,,,,,,,,,,,,,
10150422,BK0363 -01 NILES FIREWOOD,New Site 7/1/21,,,,,,,,,,,,,,,,,,,,,,,
10150423,BK0364-01 WESLEY UNITED CHURCH,New Site 7/1/21,,,,,,,,,,,,,,,,,,,,,,,
10150424,BK0368 - 01 LAURLEGLEN BIBLE CHURCH,New Site 7/1/21,,,,,,,,,,,,,,,,,,,,,,,
10150425,BK0369 - HOWARD'S MINI MART,New Site 7/1/21,,,,,,,,,,,,,,,,,,,,,,,
10150428,BK0376 - GRACE COMMUNITY,New Site 7/1/21,,,,,,,,,,,,,,,,,,,,,,,
10150472,BK0361- 02 KB FARMS,New Site 7/1/21,,,,,,,,,,,,,,,,,,,,,,,
10150476,BK0374-01 AERA PARK,New Site 7/1/21,,,,,,,,,,,,,,,,,,,,,,,
10150533,BK0365 - ATC TOWER COLLOCATION,New Site 7/1/21,,,,,,,,,,,,,,,,,,,,,,,
10546960,BK0378,New Site 7/1/21,,,,,,,,,,,,,,,,,,,,,,,
11585753,ALBERTSONS CENTER,New Site 7/1/21,,,,,,,,,,,,,,,,,,,,,,,
12787052,DUFFEY CHURCH,New Site 7/1/21,,,,,,,,,,,,,,,,,,,,,,,
12787094,CLV0611,New Site 7/1/21,,,,,,,,,,,,,,,,,,,,,,,
12787096,CLV0613,New Site 7/1/21,,,,,,,,,,,,,,,,,,,,,,,
13021951,FAKLER,New Site 7/1/21,,,,,,,,,,,,,,,,,,,,,,,
13789244,GARCIA,New Site 7/1/21,,,,,,,,,,,,,,,,,,,,,,,
10086819,BAKERSFIELD,"New Site 7/1/21, added form",,,,,,,,,,,,,,,,,,,,,,,
10094644,BKC320-01 HWY 395 and LITTLE ROCK RD,previously submitted,,,INYO,Hwy 395 and Little Lake Rd,,,,,,,,,,,,,,,,,,,
10087183,COLORADO / LOS ROBLES,previously submitted,,,LOS ANGELES,150 NORTH MADISON,,,,,,,,,,,,,,,,,,,
10094644,BKC320-01 HWY 395 and LITTLE ROCK RD,previously submitted,,,LOS ANGELES,10643 Glenoaks Blvd,,,,,,,,,,,,,,,,,,,
10068718,NOGUEIRA BUILDING,previously submitted,,,LOS ANGELES,500 York Blvd,,,,,,,,,,,,,,,,,,,
10087408,NEW STUDIO ALBAIN,previously submitted,,,LOS ANGELES,16829 Saticoy,,,,,,,,,,,,,,,,,,,
10086742,FWY 101 / Etiwanda,previously submitted,,,LOS ANGELES,5525 Etiwanda Ave,,,,,,,,,,,,,,,,,,,
10087226,S LOS ROBLES and CORDOVA,previously submitted,,,LOS ANGELES,303 CORDOVA STREET,,,,,,,,,,,,,,,,,,,
10103497,EAGLE ROCK and LINCOLN,previously submitted,,,LOS ANGELES,4364 Eagle Rock Blvd,,,,,,,,,,,,,,,,,,,
10086050,Laurel Canyon/101 OVLY C545,previously submitted,,,LOS ANGELES,4705 Laurel Canyon Blvd,,,,,,,,,,,,,,,,,,,
11650436,CLU5014_RELO,previously submitted,,,LOS ANGELES,6240 Foothill Blvd,,,,,,,,,,,,,,,,,,,
10112070,NL0148-03 DATA GRAPHICS,previously submitted,,,LOS ANGELES,6829 Lankersheim Blvd,,,,,,,,,,,,,,,,,,,
10103660,LADWP,r4r,,ARLETA,LOS ANGELES,9400 CANTERBURY AVENUE,"ARLETA, CA 91331",,,,,,,,,,,,,,City of LA,Antonio Isaia,Planner,(213) 376-9859,
10127632,RS0231-91 HERITAGE PALMS,r4r,,INDIO,RIVERSIDE,80761 FRED WARING DRIVE DUP1,"INDIO, CA 92201",,,,,,,,,,,,,,Riverside County,Dianna Ross,Regional Office Manager,951-955-6574,
10085963,SUNSET/SANTA MO OVLY - C632,r4r,,WEST HOLLYWOOD,LOS ANGELES,1017 NORTH LA CIENEGA,"WEST HOLLYWOOD, CA 90069",4339-003-008,,,,,,1017 LCB LLC,,,,,,,City of West Hollywood,,,,
10115629,NL0351-01 SAFARI BUILDING,r4r,,GLENDALE,LOS ANGELES,1104 EAST BROADWAY,"GLENDALE, CA 91205",5674-012-023,,,,,,1100 E BROADWAY LLC,"511 N REXFORD DR , BEVERLY HILLS, CA 90210-3309",,,,,,TBD (Not City of LA),,,,
10104118,LA0627-02 A1 ROOFING,r4r,,CARSON,LOS ANGELES,22029 FIGUEROA STREET,"CARSON, CA 90745",7341-001-095,,,,,,22029 S FIGUEROA STREET LLC,"35 CREST RD E , ROLLING HILLS, CA 90274-5224",Craig Ekberg,,,,,TBD (Not City of LA),,,,
10105566,LA8102-04 RANCON,r4r,,MURRIETA,RIVERSIDE,38365 INNOVATION COURT,"MURRIETA, CA 92563",957-330-020,,,,,,38365 INNOVATION,,,,,,,Riverside County,Dianna Ross,Regional Office Manager,951-955-6574,
10087278,MAIN / GRANADA,r4r,,ALHAMBRA,LOS ANGELES,500 EAST MAIN STREET,"ALHAMBRA, CA 91801",5345-016-806 and 5345-016-807,,,,,,AHMC Properties,"555 Raymond Ave, Suite 105, Alhambra, CA, 91801",http://ww9.ahmc-assetmgmt.com,,,,,City of LA,Antonio Isaia,Planner,(213) 376-9859,
10115939,MERCED AND BIG DALTON,r4r,,BALDWIN PARK,LOS ANGELES,3649 BALDWIN PARK BOULEVARD,"BALDWIN PARK, CA 91706",8555-001-008,,,,,,ARCE MIKE A,"3612 BALDWIN PARK BLVD, BALDWIN PARK, CA, 91706",,,,,,LA County,,,,
10087312,S VALLEY CENTER and PALOPINTO RD,r4r,,GLENDORA,LOS ANGELES,2025 EAST FINANCIAL WAY,"GLENDORA, CA 91741",8660-011-021,,,,,,"CALPORTLAND COMPANY,",,,,,,,LA County,,,,
10115927,SBSB08-01 Granada Theater,r4r,,SANTA BARBARA,RIVERSIDE,1216 STATE STREET,"SANTA BARBARA, CA 93101",,,,,,,"could not confirm on Ticor, wait for CDs",,,,,,,Riverside County,Dianna Ross,Regional Office Manager,951-955-6574,
10101424,BALDWIN/DUARTE ROAD / T022,r4r,,ARCADIA,LOS ANGELES,650 WEST DUARTE ROAD,"ARCADIA, CA 91007",5784-003-027,,,,,,M AND H CAPITAL INC & FIRST ARCADIA CAPITAL LLC,,,,,,,LA County,,,,
10085985,C147/BEVERLY HILLS OVLY - C147 DAS ISE,r4r,,BEVERLY HILLS,LOS ANGELES,464 NORTH REXFORD DRIVE,"BEVERLY HILLS, CA 90210",8940-041-017,,,,,,MELIK S INC,"650 E PALM AVE APT 305 , BURBANK, CA 91501-2099",,,,,,City of Beverly Hills,,,,
10085987,PICO/BEVERWIL OVLY - C170,r4r,,Beverly Hills,LOS ANGELES,1224 SOUTH BEVERWIL DRIVE,"LOS ANGELES, CA 90035",4330-024-015,,,,,,MORNING VIEW HOTELS B H I LLC,"9255 W SUNSET BLVD # P , WEST HOLLYWOOD, CA 90069-3309",Bob Ghassemieh,,,,,City of Beverly Hills,,,,
10086719,MT SAN ANTONIO COLLEGE,r4r,,WALNUT,LOS ANGELES,1100 NORTH GRAND AVENUE,"WALNUT, CA 91789",8710-002-905,,,,,,MT SAN ANTONIO COMMUNITY COLLEGE,,,,,,,LA County,,,,
10085887,LAC451-01 IMPERIAL/CRENSH OVLY - C451,r4r,,INGLEWOOD,LOS ANGELES,2930 WEST IMPERIAL HIGHWAY,"INGLEWOOD, CA 90303",4056-001-037,,,,,,PURSCHE-GILLINGHAM LLC LESSOR; UPSIDE CRENSHAW HOLDING LLC LSEE,,,,,,,TBD (Not City of LA),,,,
11553768,CLU5024,r4r,,SAN JACINTO,RIVERSIDE,651 NORTH STATE STREET,"SAN JACINTO, CA 92583",434-070-041       ,,,,,,RAMONA CROSSINGS        ,"14916 GAVAN VISTA RD , FALLBROOK, CA 92028",,,,,,City of San Jacinto,,,,
10104186,CS PROPERTIES,r4r,,LAGUNA BEACH,ORANGE,105 CRESCENT BAY DRIVE,"LAGUNA BEACH, CA 92651",053-132-67,,,,,,SARIKCIOGLU CENGIZ TR C; SARIKCIOGLU SEPARATE PROPERTY TR,,,,,,,Orange County,Cynthia Burgos,Contract Planner,(714) 667-8898,
12731249,DESERT OASIS,r4r,,PALM DESERT,RIVERSIDE,74200 COUNTRY CLUB DRIVE,"PALM DESERT, CA 92260",620-430-039,,,,,,SE CALIF CONFER OF SEVENTH DAY ADVENTISTS; PEACE LUTHERAN CHURCH,"74200 COUNTRY CLUB DR, PALM DESERT, RIVERSIDE, CA 92260-1688",,,,,,Riverside County,Dianna Ross,Regional Office Manager,951-955-6574,
10574392,WASTE WATER,r4r,,EASTVALE,RIVERSIDE,14700 RIVER ROAD,"EASTVALE, CA 92880",130-040-004,,,,,,WESTERN RIV CO REG WASTEWATER AUTHORITY SAWPA,,,,,,,City of Eastvale,,,,
10085801,C303/10 FWY/New Avenue,r4r,,ALHAMBRA,LOS ANGELES,1400 1/2 East Valley Boulevard,"Alhambra, CA 91803",,,,,,,Winner’s Investment Group No One. -  Taigod3 LLC. 626-454-2382/ATT TOWER OWNED,"1601 South 6th Street, Alhambra, CA, 91803",Ken Lai,626-922-2972,AT&T ,626-454-2382,,City of LA,Antonio Isaia,Planner,(213) 376-9859,
10085816,Arcadia,r4r,,ARCADIA,LOS ANGELES,35 West Huntington Drive,"Arcadia, CA 91007",,,,,,,,,,,,,,LA County,,,,
10086104,BURBANK,r4r,,BURBANK,LOS ANGELES,101 SOUTH FIRST STREET,"BURBANK, CA 91502",,,,,,,,,,,,,,Burbank,,,,
10087189,CITRUS / 210 FWY,r4r,,GLENDORA,LOS ANGELES,523 WEST CITRUS EDGE STREET,"GLENDORA, CA 91740",,,,,,,,,,,,,,LA County,,,,
10085800,Glendora,r4r,,GLENDORA,LOS ANGELES,510 SOUTH GRAND,"GLENDORA, CA 91741",,,,,,,,,,,,,,LA County,,,,
10105567,LA3191-04 TILLY'S,r4r,,IRVINE,RIVERSIDE,10 WHATNEY,"IRVINE, CA 92618",,,,,,,,,,,,,,City of Irvine,,,,
13708264,BIG HORN,r4r,,PALM DESERT,RIVERSIDE,255 PALOWET DRIVE,"PALM DESERT, CA 92260",771-340-008,,,,,,BIGHORN GOLF CLUB,"255 PALOWET DR, PALM DESERT, RIVERSIDE, CA 92260-7311",,,,,,Riverside County,Dianna Ross,Regional Office Manager,951-955-6574,
10150466,RS0330-03 BEREAN FELLOWSHIP BAPTIST CHURCH,r4r,,HEMET,RIVERSIDE,371 NORTH SANDERSON AVENUE,"HEMET, CA 92545",448-230-020,,,,,,BEREAN FELLOWSHIP BAPTIST CHURCH OF HEMET,,,,,,,Riverside County,Dianna Ross,Regional Office Manager,951-955-6574,
10103979,ES0109-02 MARGARITA SQUARE,r4r,,MURRIETA,RIVERSIDE,39400 MURRIETA HOT SPRINGS ROAD,"MURRIETA, CA 92563",913-150-016,,,,,,CALVARY CHAPEL OF COSTA MESA INC,,,,,,,City of Murietta,,,,
10150420,RS0329-02 FIESTA,r4r,,HEMET,RIVERSIDE,43763 FLORIDA AVENUE,"HEMET, CA 92544",549-161-038,,,,,,CAMPBELL FAMILY TRUST UTD (07/06/2016),,,,,,,Riverside County,Dianna Ross,Regional Office Manager,951-955-6574,
10144133,RS0279-01 CACTUS BOOSTER STATION,r4r,,RIVERSIDE,RIVERSIDE,21890 CACTUS AVENUE,"RIVERSIDE, CA 92518",,,,,,,"could not confirm on Ticor, wait for CDs",,,,,,,City of Riverside,Lisa Rieger,Development Services Representative,951-826-5800,
10150465,RS0328-01 HAUN PROFESSIONAL CENTER,r4r,,MENIFEE,RIVERSIDE,29826 HAUN ROAD,"MENIFEE, CA 92586",336-380-055,,,,,,HAUN PROFESSIONAL,,,,,,,City of Menifee,,,,
11671905,RS0350-01 FARM COUNTRY,r4r,,CORONA,RIVERSIDE,14604 PROMONTORY AVENUE,"CORONA, CA 92880",144-760-032,,,,,,WESTSTEYN FRIEDA,,,,,,,City of Corona,,,,
10112618,CORONA SWITCH STATION,r4r,,CORONA,RIVERSIDE,3960 SOUTH MAIN STREET,"Corona, CA 92882",,,,,,,,,,,,,,City of Corona,,,,
10101308,LA0617-01 ABBEYWOOD/LAMPSON,zoning done,,City of Industry,LOS ANGELES,3552 1/2 SAN GABRIEL RIVER PARKWAY,"PICO RIVERA, CA 90660       ",,,,,,,,,,,,,,,,,,
10086681,185TH STE AND E AVENUE,zoning done,,Lancaster,LOS ANGELES,185TH STREET EAST AND AVENUE EAST,"Lancaster, CA 93534",,,,,,,,,,,,,,Los Angeles COunty,,,,
10086741,14 FWY AND AVE J,zoning done,,Lancaster,LOS ANGELES,2103 WEST AVENUE J,"Lancaster, CA 93536",,,,,,,,,,,,,,Los Angeles COunty,,,,
10087280,MAGIC MTN / VALENCIA,"zoning done, ip ",,Santa Clarita,LOS ANGELES,24200 MAGIC MOUNTAIN PARKWAY,"Santa Clarita, CA 91355",,,,,,,,,,,,,,,,,,
10552269,LA0506 - LAX TEMP SITE #2,"zoningdone, waiting for melissa",,Los Angeles,LOS ANGELES,1 WORLD WAY P3,"Los Angeles, CA 90045",,,,,,,,,,,,,,,,,,
10086116,SANTA MONICA/101 FWY,,,,LOS ANGELES,5505 SANTA MONICA BOULEVARD,,,,,,,,,,,,,,,,,,,
10086663,S HOOVER - W 106TH,,,,LOS ANGELES,10611 SOUTH HOOVER,,,,,,,,,,,,,,,,,,,
10086751,HOLLYWOOD AND WESTERN,,,,LOS ANGELES,5500 HOLLYWOOD BOULEVARD,,,,,,,,,,,,,,,,,,,
10094579,S VERMONT - W 88TH,,,,LOS ANGELES,1201 MANCHESTER AVENUE,,,,,,,,,,,,,,,,,,,
10086043,C443/COLDWATER OVLY - C443,,,,LOS ANGELES,12840 RIVERSIDE DRIVE,,,,,,,,,,,,,,,,,,,
11585718,NL0497-01 VALLARTA SHOPPING CENTER,,,,LOS ANGELES,1801 WEST AVENUE I,,,,,,,,,,,,,,,,,,,
10085685,CULVER CITY OVLY - C055,,,,LOS ANGELES,3000 ROBERTSON BOULEVARD,,,,,,,,,,,,,,,,,,,
10085687,101/VERMONT OVLY - C057,,,,LOS ANGELES,340 1/2 NORTH MADISON AVENUE,,,,,,,,,,,,,,,,,,,
10552268,LA0486 - LAX TEMP SITE #1,,,,LOS ANGELES,1 WORLD WAY 2A,,,,,,,,,,,,,,,,,,,
10086129,CAHUENGA/SUNSET OVLY - C633,,,,LOS ANGELES,6515 WEST SUNSET BOULEVARD,,,,,,,,,,,,,,,,,,,
11650444,EL0506-CLV1621,,,,LOS ANGELES,8200 WILSHIRE BOULEVARD,,,,,,,,,,,,,,,,,,,
13014409,UHAUL,,,,LOS ANGELES,657 SOUTH ATLANTIC BOULEVARD,,,,,,,,,,,,,,,,,,,
10087440,SV-035-02(VY053) EXISTING ST ANTHONY,,,,LOS ANGELES,1901 SOUTH SAN GABRIEL BOULEVARD,,,,,,,,,,,,,,,,,,,
10085955,OVERLAND/VENICE,,,,LOS ANGELES,3701 OVERLAND AVENUE,,,,,,,,,,,,,,,,,,,
10087339,3RD - W57TH,,,,LOS ANGELES,2801 WEST 54TH STREET,,,,,,,,,,,,,,,,,,,
10150448,BEVERLY AND ROBINSON,,,,LOS ANGELES,3215 WEST BEVERLY BOULEVARD,,,,,,,,,,,,,,,,,,,
10086665,S NORMANDIE - W 52TH,,,,LOS ANGELES,1500 WEST 51ST PLACE,,,,,,,,,,,,,,,,,,,
10086718,PARAMOUNT PICTURES,,,,LOS ANGELES,5555 MELROSE AVENUE,,,,,,,,,,,,,,,,,,,
10127658,EL0326-02 ISRAEL MISSIONARY BAPTIST CHURCH,,,,LOS ANGELES,4501 SOUTH COMPTON AVENUE,,,,,,,,,,,,,,,,,,,
10085773,OAK KNOLL/HUNTINGTON,,,,LOS ANGELES,936 HUNTINGTON DRIVE,,,,,,,,,,,,,,,,,,,
10085851,LAC708-01 LAX,,,,LOS ANGELES,6171 WEST CENTURY BOULEVARD,,,,,,,,,,,,,,,,,,,
10085853,LOMITA AND NARBONNE,,,,LOS ANGELES,24300 NARBONNE AVENUE,,,,,,,,,,,,,,,,,,,
10107941,SV0074-02 LA TIMES BUILDING,,,,LOS ANGELES,1333 MAYFLOWER AVENUE,,,,,,,,,,,,,,,,,,,
14024032,PARK TERRACE DRIVE,,,,LOS ANGELES,6801 PARK TERRACE DRIVE,,,,,,,,,,,,,,,,,,,